,Adj Close,Open,High,Low,Close,Volume,Log_Return,Rolling_Vol,Next_Return,Risk_Flag,Sentiment
2024-08-27 22:15:08.826920,110.43679787300557,110.43679787300557,111.54116585173563,109.33242989427552,110.43679787300557,2862053,0.0067361859544038455,0.01047180130533277,0.008844361988594982,0,0
2024-08-28 22:15:08.826920,111.41787298678767,111.41787298678767,112.53205171665554,110.3036942569198,111.41787298678767,4821735,0.008844361988594982,0.010527840241090727,-0.007221650204064382,0,0
2024-08-29 22:15:08.826920,110.6161504457708,110.6161504457708,111.7223119502285,109.5099889413131,110.6161504457708,2188768,-0.007221650204064382,0.010714672908799591,0.02289754623987621,0,0
2024-08-30 22:15:08.826920,113.17820935754224,113.17820935754224,114.30999145111767,112.04642726396682,113.17820935754224,3942330,0.02289754623987621,0.010740859428930653,-0.014343656745987615,0,0
2024-08-31 22:15:08.826920,111.56640717434061,111.56640717434061,112.68207124608402,110.4507431025972,111.56640717434061,3075937,-0.014343656745987615,0.010777323733249983,0.0006575851730143205,0,0
2024-09-01 22:15:08.826920,111.63979571646898,111.63979571646898,112.75619367363367,110.52339775930429,111.63979571646898,4482522,0.0006575851730143205,0.010468552032626931,-0.001671838500258201,0,0
2024-09-02 22:15:08.826920,111.45330793998829,111.45330793998829,112.56784101938818,110.3387748605884,111.45330793998829,2376355,-0.001671838500258201,0.010354573591897752,0.01552779214358434,0,0
2024-09-03 22:15:08.826920,113.19743793931613,113.19743793931613,114.32941231870929,112.06546355992297,113.19743793931613,1711897,0.01552779214358434,0.010757364622899364,0.014893587699002777,0,0
2024-09-04 22:15:08.826920,114.89597113802294,114.89597113802294,116.04493084940317,113.74701142664271,114.89597113802294,1723250,0.014893587699002777,0.011059916322521058,0.001749474256969229,0,0
2024-09-05 22:15:08.826920,115.09715461310084,115.09715461310084,116.24812615923184,113.94618306696984,115.09715461310084,3353496,0.001749474256969229,0.011061292149176963,0.003981625196021588,0,0
2024-09-06 22:15:08.826920,115.5563418930831,115.5563418930831,116.71190531201393,114.40077847415228,115.5563418930831,2572050,0.003981625196021588,0.01105779269594239,-0.008677857476301001,0,0
2024-09-07 22:15:08.826920,114.55789886644953,114.55789886644953,115.70347785511403,113.41231987778504,114.55789886644953,2496852,-0.008677857476301001,0.011016129312845596,-0.01960796468223911,0,0
2024-09-08 22:15:08.826920,112.3335305658167,112.3335305658167,113.45686587147488,111.21019526015853,112.3335305658167,2487582,-0.01960796468223911,0.011893172467192499,-0.003279121493261554,0,0
2024-09-09 22:15:08.826920,111.965778552615,111.965778552615,113.08543633814116,110.84612076708885,111.965778552615,1458396,-0.003279121493261554,0.011924636358718203,0.0017634896910398306,0,0
2024-09-10 22:15:08.826920,112.16340325218597,112.16340325218597,113.28503728470783,111.04176921966412,112.16340325218597,2574472,0.0017634896910398306,0.011891840916781438,0.01250290680727719,0,0
2024-09-11 22:15:08.826920,113.57457532354846,113.57457532354846,114.71032107678394,112.43882957031298,113.57457532354846,2496338,0.01250290680727719,0.012167259882679526,0.012223798487843765,0,0
2024-09-12 22:15:08.826920,114.97140795294101,114.97140795294101,116.12112203247042,113.82169387341159,114.97140795294101,1030105,0.012223798487843765,0.012011524496292787,-0.00367326817407939,0,0
2024-09-13 22:15:08.826920,114.54986183913007,114.54986183913007,115.69536045752137,113.40436322073877,114.54986183913007,3581400,-0.00367326817407939,0.012037453946439146,-0.002823027505753337,0,0
2024-09-14 22:15:08.826920,114.22694045081838,114.22694045081838,115.36920985532656,113.08467104631019,114.22694045081838,4481127,-0.002823027505753337,0.012042997683937202,-0.010285529650670795,0,0
2024-09-15 22:15:08.826920,113.05807736058271,113.05807736058271,114.18865813418854,111.92749658697689,113.05807736058271,2846506,-0.010285529650670795,0.012120184361717218,-0.014000179371789658,0,0
2024-09-16 22:15:08.826920,111.48627244685727,111.48627244685727,112.60113517132585,110.37140972238869,111.48627244685727,2425692,-0.014000179371789658,0.011137812214471899,-0.016862701906250128,0,0
2024-09-17 22:15:08.826920,109.62207454830026,109.62207454830026,110.71829529378327,108.52585380281725,109.62207454830026,3389656,-0.016862701906250128,0.011683041426159982,0.019707753952317927,0,0
2024-09-18 22:15:08.826920,111.80390832543993,111.80390832543993,112.92194740869434,110.68586924218553,111.80390832543993,1667282,0.019707753952317927,0.012333051485624668,-0.004896521817516705,0,0
2024-09-19 22:15:08.826920,111.25779616522273,111.25779616522273,112.37037412687496,110.1452182035705,111.25779616522273,3555587,-0.004896521817516705,0.012273718920092592,-0.004180743016111755,0,0
2024-09-20 22:15:08.826920,110.79362687326586,110.79362687326586,111.90156314199852,109.6856906045332,110.79362687326586,3734252,-0.004180743016111755,0.011149135862261501,-0.012327953600499299,0,0
2024-09-21 22:15:08.826920,109.43615281274614,109.43615281274614,110.53051434087361,108.34179128461868,109.43615281274614,3146003,-0.012327953600499299,0.011036749983132536,0.007974903558319223,0,0
2024-09-22 22:15:08.826920,110.312384866324,110.312384866324,111.41550871498724,109.20926101766075,110.312384866324,2894701,0.007974903558319223,0.011203234083568336,-0.015938978475579537,0,0
2024-09-23 22:15:08.826920,108.56805647358267,108.56805647358267,109.6537370383185,107.48237590884685,108.56805647358267,2420086,-0.015938978475579537,0.011695211264818461,-0.001927402802139806,0,0
2024-09-24 22:15:08.826920,108.35900362655141,108.35900362655141,109.44259366281693,107.2754135902859,108.35900362655141,2392640,-0.001927402802139806,0.011045476128501196,-0.008754665611936628,0,0
2024-09-25 22:15:08.826920,107.4144972351389,107.4144972351389,108.48864220749029,106.3403522627875,107.4144972351389,1059530,-0.008754665611936628,0.01041599854219141,0.004069024978592425,0,0
2024-09-26 22:15:08.826920,107.85245994377462,107.85245994377462,108.93098454321236,106.77393534433688,107.85245994377462,3609859,0.004069024978592425,0.010483260198688128,-0.0049080513756887345,0,0
2024-09-27 22:15:08.826920,107.32441143399515,107.32441143399515,108.39765554833511,106.2511673196552,107.32441143399515,4602310,-0.0049080513756887345,0.010361962934442314,-0.011606321841223967,0,0
2024-09-28 22:15:08.826920,106.0859705473878,106.0859705473878,107.14683025286168,105.02511084191393,106.0859705473878,1497371,-0.011606321841223967,0.01045415525802434,-8.182228338682676e-05,0,0
2024-09-29 22:15:08.826920,106.07729070614937,106.07729070614937,107.13806361321086,105.01651779908788,106.07729070614937,4061603,-8.182228338682676e-05,0.009813364705468815,0.004483318705304242,0,0
2024-09-30 22:15:08.826920,106.55393668731425,106.55393668731425,107.61947605418739,105.48839732044111,106.55393668731425,4582393,0.004483318705304242,0.009937013494025747,0.0008651722238316356,0,0
2024-10-01 22:15:08.826920,106.6461640842142,106.6461640842142,107.71262572505636,105.57970244337206,106.6461640842142,4534790,0.0008651722238316356,0.00992029845149906,0.0032247189773977982,0,0
2024-10-02 22:15:08.826920,106.9906230866473,106.9906230866473,108.06052931751378,105.92071685578082,106.9906230866473,3411411,0.0032247189773977982,0.009417144960843005,-0.006143220936809482,0,0
2024-10-03 22:15:08.826920,106.33537079139018,106.33537079139018,107.39872449930408,105.27201708347627,106.33537079139018,1582818,-0.006143220936809482,0.008779077945904514,-0.003427411659871566,0,0
2024-10-04 22:15:08.826920,105.9715395575545,105.9715395575545,107.03125495313004,104.91182416197894,105.9715395575545,4147826,-0.003427411659871566,0.008779305010695408,-0.006524604477759481,0,0
2024-10-05 22:15:08.826920,105.28236790712171,105.28236790712171,106.33519158619293,104.22954422805049,105.28236790712171,4520754,-0.006524604477759481,0.00879781663619861,-0.0033955316154055683,0,0
2024-10-06 22:15:08.826920,104.92548454561134,104.92548454561134,105.97473939106746,103.87622970015522,104.92548454561134,4707750,-0.0033955316154055683,0.008674719146808545,-0.007931462820444365,0,0
2024-10-07 22:15:08.826920,104.09656358937593,104.09656358937593,105.13752922526969,103.05559795348218,104.09656358937593,4606548,-0.007931462820444365,0.008406279609299811,-0.017062826023316796,0,0
2024-10-08 22:15:08.826920,102.3354495537826,102.3354495537826,103.35880404932043,101.31209505824476,102.3354495537826,1465579,-0.017062826023316796,0.008422561969291012,0.0019742614225376877,0,0
2024-10-09 22:15:08.826920,102.53768605216493,102.53768605216493,103.56306291268658,101.51230919164328,102.53768605216493,4551862,0.0019742614225376877,0.006719936032363638,-0.003817809362082717,0,0
2024-10-10 22:15:08.826920,102.14696304195915,102.14696304195915,103.16843267237874,101.12549341153957,102.14696304195915,4401856,-0.003817809362082717,0.006717824533887179,-0.01610198346966037,0,0
2024-10-11 22:15:08.826920,100.5153655618061,100.5153655618061,101.52051921742417,99.51021190618805,100.5153655618061,2349092,-0.01610198346966037,0.007213214505299889,0.004827822555257831,0,0
2024-10-12 22:15:08.826920,101.00180919776408,101.00180919776408,102.01182728974172,99.99179110578643,101.00180919776408,2595757,0.004827822555257831,0.007269787176735712,-0.008872983643832492,0,0
2024-10-13 22:15:08.826920,100.10958599142117,100.10958599142117,101.11068185133539,99.10849013150695,100.10958599142117,3437225,-0.008872983643832492,0.006818796677278338,0.0007194539579614256,0,0
2024-10-14 22:15:08.826920,100.18163614456866,100.18163614456866,101.18345250601435,99.17981978312297,100.18163614456866,2220290,0.0007194539579614256,0.0063919660843926186,0.007490905621775513,0,0
2024-10-15 22:15:08.826920,100.93490513704072,100.93490513704072,101.94425418841112,99.92555608567031,100.93490513704072,4530977,0.007490905621775513,0.00684627569331255,0.0014898291075740768,0,0
2024-10-16 22:15:08.826920,101.0853929694255,101.0853929694255,102.09624689911975,100.07453903973125,101.0853929694255,2531532,0.0014898291075740768,0.006809018216006875,0.011594006845432922,0,0
2024-10-17 22:15:08.826920,102.26419803986475,102.26419803986475,103.2868400202634,101.2415560594661,102.26419803986475,4770127,0.011594006845432922,0.007368666384186381,-0.012148258203536547,0,0
2024-10-18 22:15:08.826920,101.02938177666145,101.02938177666145,102.03967559442806,100.01908795889484,101.02938177666145,2526902,-0.012148258203536547,0.007649356282430729,0.004223416411775551,0,0
2024-10-19 22:15:08.826920,101.45697323853969,101.45697323853969,102.47154297092509,100.44240350615429,101.45697323853969,2980961,0.004223416411775551,0.007525215296148,-0.006648100909403011,0,0
2024-10-20 22:15:08.826920,100.78471414164221,100.78471414164221,101.79256128305863,99.77686700022579,100.78471414164221,3189463,-0.006648100909403011,0.007572365140198752,-0.008507971491818834,0,0
2024-10-21 22:15:08.826920,99.93087802403325,99.93087802403325,100.93018680427357,98.93156924379292,99.93087802403325,2410956,-0.008507971491818834,0.0075091211755631505,-0.0055884966476441025,0,0
2024-10-22 22:15:08.826920,99.37397222968885,99.37397222968885,100.36771195198574,98.38023250739195,99.37397222968885,1954245,-0.0055884966476441025,0.007472599086117716,-0.00291552532127378,0,0
2024-10-23 22:15:08.826920,99.08466684090249,99.08466684090249,100.0755135093115,98.09382017249347,99.08466684090249,4046438,-0.00291552532127378,0.007320517993860063,0.0007616534222974755,0,0
2024-10-24 22:15:08.826920,99.16016376409428,99.16016376409428,100.15176540173522,98.16856212645334,99.16016376409428,4469057,0.0007616534222974755,0.007358167119574789,-0.011451498407833615,0,0
2024-10-25 22:15:08.826920,98.03110833323122,98.03110833323122,99.01141941656353,97.0507972498989,98.03110833323122,3031882,-0.011451498407833615,0.007568976069463193,0.00920826486954189,0,0
2024-10-26 22:15:08.826920,98.93797366439142,98.93797366439142,99.92735340103533,97.94859392774751,98.93797366439142,4582982,0.00920826486954189,0.008040287059224603,0.004856624397304702,0,0
2024-10-27 22:15:08.826920,99.41964694745823,99.41964694745823,100.41384341693282,98.42545047798365,99.41964694745823,2250566,0.004856624397304702,0.00821762085789183,-0.01516243686277216,0,0
2024-10-28 22:15:08.826920,97.92357354902089,97.92357354902089,98.9028092845111,96.94433781353068,97.92357354902089,2614438,-0.01516243686277216,0.008596417617778615,0.015082521937956058,0,0
2024-10-29 22:15:08.826920,99.41170215130529,99.41170215130529,100.40581917281834,98.41758512979224,99.41170215130529,4501990,0.015082521937956058,0.008809814664326454,0.019158891760305774,0,0
2024-10-30 22:15:08.826920,101.33468245739581,101.33468245739581,102.34802928196977,100.32133563282186,101.33468245739581,1307531,0.019158891760305774,0.00987116902162429,0.011987795711596364,0,0
2024-10-31 22:15:08.826920,102.55677237610827,102.55677237610827,103.58234009986936,101.53120465234718,102.55677237610827,2111410,0.011987795711596364,0.010207350509423771,-0.0015992483581233781,0,0
2024-11-01 22:15:08.826920,102.39288970574589,102.39288970574589,103.41681860280335,101.36896080868843,102.39288970574589,3614613,-0.0015992483581233781,0.009517189312021923,-0.010507526215105577,0,0
2024-11-02 22:15:08.826920,101.32262648945003,101.32262648945003,102.33585275434453,100.30940022455553,101.32262648945003,1486782,-0.010507526215105577,0.00978383497117836,0.010744517269311527,0,0
2024-11-03 22:15:08.826920,102.41715878028363,102.41715878028363,103.44133036808647,101.39298719248079,102.41715878028363,2132914,0.010744517269311527,0.009815631033738934,-0.0038317694697316772,0,0
2024-11-04 22:15:08.826920,102.02547074646262,102.02547074646262,103.04572545392725,101.00521603899799,102.02547074646262,2923762,-0.0038317694697316772,0.009874179818249739,0.012424450703824148,0,0
2024-11-05 22:15:08.826920,103.3009885743636,103.3009885743636,104.33399846010724,102.26797868861996,103.3009885743636,2015603,0.012424450703824148,0.010095825042630286,0.0022827497807686834,0,0
2024-11-06 22:15:08.826920,103.5370682362666,103.5370682362666,104.57243891862927,102.50169755390394,103.5370682362666,4435778,0.0022827497807686834,0.010098824893697381,0.00996639036483695,0,0
2024-11-07 22:15:08.826920,104.57411831441743,104.57411831441743,105.6198594975616,103.52837713127326,104.57411831441743,3694476,0.00996639036483695,0.010020533351251052,0.003763663971744171,0,0
2024-11-08 22:15:08.826920,104.96844174085966,104.96844174085966,106.01812615826826,103.91875732345106,104.96844174085966,4248797,0.003763663971744171,0.009562690545068258,0.007265731681919382,0,0
2024-11-09 22:15:08.826920,105.73389168317277,105.73389168317277,106.7912306000045,104.67655276634105,105.73389168317277,3872841,0.007265731681919382,0.009623750896592403,0.00030500020720815107,0,0
2024-11-10 22:15:08.826920,105.7661454604994,105.7661454604994,106.8238069151044,104.7084840058944,105.7661454604994,2319539,0.00030500020720815107,0.00943022412123096,0.01805870493905829,0,0
2024-11-11 22:15:08.826920,107.69349541785664,107.69349541785664,108.77043037203521,106.61656046367807,107.69349541785664,4761096,0.01805870493905829,0.009686692789164317,0.0014691209270363914,0,0
2024-11-12 22:15:08.826920,107.85182646092773,107.85182646092773,108.930344725537,106.77330819631845,107.85182646092773,4019141,0.0014691209270363914,0.009473413609592824,0.004219893634446799,0,0
2024-11-13 22:15:08.826920,108.30791133489103,108.30791133489103,109.39099044823995,107.22483222154212,108.30791133489103,4496564,0.004219893634446799,0.00934387356109158,0.01903150697056279,0,0
2024-11-14 22:15:08.826920,110.38891359806311,110.38891359806311,111.49280273404375,109.28502446208248,110.38891359806311,4858613,0.01903150697056279,0.009841285782032349,-0.013277590611424656,0,0
2024-11-15 22:15:08.826920,108.93290234642173,108.93290234642173,110.02223136988594,107.84357332295751,108.93290234642173,1690411,-0.013277590611424656,0.010001682885412132,-0.012504849984857333,0,0
2024-11-16 22:15:08.826920,107.57919434196516,107.57919434196516,108.65498628538482,106.5034023985455,107.57919434196516,4002561,-0.012504849984857333,0.010648610087859472,0.00989396708158032,0,0
2024-11-17 22:15:08.826920,108.64886225314434,108.64886225314434,109.73535087567579,107.5623736306129,108.64886225314434,4211051,0.00989396708158032,0.010725628648326137,-0.011531234051141676,0,0
2024-11-18 22:15:08.826920,107.40320259251044,107.40320259251044,108.47723461843555,106.32917056658533,107.40320259251044,1490063,-0.011531234051141676,0.010422390412160337,0.019636211856492808,0,0
2024-11-19 22:15:08.826920,109.53303713903142,109.53303713903142,110.62836751042174,108.4377067676411,109.53303713903142,4288126,0.019636211856492808,0.010699443247315853,-0.003936189807597263,0,0
2024-11-20 22:15:08.826920,109.10274173241473,109.10274173241473,110.19376914973887,108.01171431509059,109.10274173241473,2993036,-0.003936189807597263,0.010309829309041958,-0.007274548114407662,0,0
2024-11-21 22:15:08.826920,108.31194840764617,108.31194840764617,109.39506789172263,107.22882892356971,108.31194840764617,3013743,-0.007274548114407662,0.010375196744082424,0.01942942026480376,0,0
2024-11-22 22:15:08.826920,110.43696383239339,110.43696383239339,111.54133347071732,109.33259419406946,110.43696383239339,4365452,0.01942942026480376,0.010948594818897001,0.01500514791434447,0,0
2024-11-23 22:15:08.826920,112.10658191635186,112.10658191635186,113.22764773551538,110.98551609718834,112.10658191635186,4063928,0.01500514791434447,0.010717806412535337,0.018875589604265462,0,0
2024-11-24 22:15:08.826920,114.24275710759011,114.24275710759011,115.38518467866601,113.10032953651421,114.24275710759011,1047449,0.018875589604265462,0.011083322156685003,0.009260446582753813,0,0
2024-11-25 22:15:08.826920,115.30560970663419,115.30560970663419,116.45866580370053,114.15255360956785,115.30560970663419,1352781,0.009260446582753813,0.010916647342543412,-0.008412256850546836,0,0
2024-11-26 22:15:08.826920,114.33969774736362,114.33969774736362,115.48309472483726,113.19630076988997,114.33969774736362,3212062,-0.008412256850546836,0.011229453236936141,0.019300649530990165,0,0
2024-11-27 22:15:08.826920,116.56796248805539,116.56796248805539,117.73364211293594,115.40228286317483,116.56796248805539,3657884,0.019300649530990165,0.011642542035614883,-0.0024800337095137108,0,0
2024-11-28 22:15:08.826920,116.27922819501555,116.27922819501555,117.44202047696571,115.11643591306539,116.27922819501555,1839916,-0.0024800337095137108,0.011728044086109134,0.008224563957963772,0,0
2024-11-29 22:15:08.826920,117.23951771246325,117.23951771246325,118.41191288958788,116.06712253533863,117.23951771246325,4221609,0.008224563957963772,0.01174392484233,0.009672519677737797,0,0
2024-11-30 22:15:08.826920,118.37902130591938,118.37902130591938,119.56281151897858,117.19523109286018,118.37902130591938,3239701,0.009672519677737797,0.011776128809123198,-0.0013501009309084505,0,0
2024-12-01 22:15:08.826920,118.21930551953064,118.21930551953064,119.40149857472595,117.03711246433532,118.21930551953064,4059206,-0.0013501009309084505,0.011817254723555009,0.006340793703460839,0,0
2024-12-02 22:15:08.826920,118.97129132150978,118.97129132150978,120.16100423472489,117.78157840829468,118.97129132150978,4256932,0.006340793703460839,0.011455833768432153,0.00942206671566533,0,0
2024-12-03 22:15:08.826920,120.09754424875452,120.09754424875452,121.29851969124206,118.89656880626697,120.09754424875452,4362352,0.00942206671566533,0.011473651570850075,0.003964255311556106,0,0
2024-12-04 22:15:08.826920,120.57458651036805,120.57458651036805,121.78033237547173,119.36884064526437,120.57458651036805,2730088,0.003964255311556106,0.01147479124453528,-0.010794007905841754,0,0
2024-12-05 22:15:08.826920,119.28010237473181,119.28010237473181,120.47290339847913,118.08730135098449,119.28010237473181,4646362,-0.010794007905841754,0.01151114649142862,0.003182381742060441,0,0
2024-12-06 22:15:08.826920,119.66030184377041,119.66030184377041,120.85690486220811,118.46369882533271,119.66030184377041,4480734,0.003182381742060441,0.010838880077921059,0.01346385896687029,0,0
2024-12-07 22:15:08.826920,121.28228585160281,121.28228585160281,122.49510871011884,120.06946299308677,121.28228585160281,4677573,0.01346385896687029,0.010271615842113955,-0.006745678597313619,0,0
2024-12-08 22:15:08.826920,120.46690776288484,120.46690776288484,121.6715768405137,119.262238685256,120.46690776288484,4127439,-0.006745678597313619,0.010570121536261835,-0.0012963454032766486,0,0
2024-12-09 22:15:08.826920,120.31084222003985,120.31084222003985,121.51395064224025,119.10773379783944,120.31084222003985,2160127,-0.0012963454032766486,0.009994061918891432,-0.004151535517216352,0,0
2024-12-10 22:15:08.826920,119.81240284573356,119.81240284573356,121.0105268741909,118.61427881727622,119.81240284573356,2256933,-0.004151535517216352,0.009642206848766488,0.018692637284793534,0,0
2024-12-11 22:15:08.826920,122.07307577827815,122.07307577827815,123.29380653606094,120.85234502049536,122.07307577827815,1830501,0.018692637284793534,0.009938971726026154,0.006922947570124229,0,0
2024-12-12 22:15:08.826920,122.9211133544506,122.9211133544506,124.1503244879951,121.69190222090609,122.9211133544506,2015355,0.006922947570124229,0.009511011751190504,0.004274618362411008,0,0
2024-12-13 22:15:08.826920,123.44767883415848,123.44767883415848,124.68215562250006,122.2132020458169,123.44767883415848,1867953,0.004274618362411008,0.009004551681834994,-0.007499160744453162,0,0
2024-12-14 22:15:08.826920,122.52538737527287,122.52538737527287,123.7506412490256,121.30013350152014,122.52538737527287,3240607,-0.007499160744453162,0.009130461895360297,0.005592491912918372,0,0
2024-12-15 22:15:08.826920,123.21252924003927,123.21252924003927,124.44465453243967,121.98040394763888,123.21252924003927,1178528,0.005592491912918372,0.008503870229098345,-0.006543326606573873,0,0
2024-12-16 22:15:08.826920,122.40894135533382,122.40894135533382,123.63303076888717,121.18485194178048,122.40894135533382,1690672,-0.006543326606573873,0.008675387283471975,0.0005183055827435282,0,0
2024-12-17 22:15:08.826920,122.47240303786748,122.47240303786748,123.69712706824616,121.2476790074888,122.47240303786748,4348768,0.0005183055827435282,0.008306942289387276,-0.006158460783788738,0,0
2024-12-18 22:15:08.826920,121.72047926967544,121.72047926967544,122.9376840623722,120.50327447697867,121.72047926967544,4440702,-0.006158460783788738,0.007685234175695854,0.006964332949464909,0,0
2024-12-19 22:15:08.826920,122.57113991784728,122.57113991784728,123.79685131702576,121.3454285186688,122.57113991784728,3517386,0.006964332949464909,0.00768263013361544,0.005965908166149394,0,0
2024-12-20 22:15:08.826920,123.30457370636452,123.30457370636452,124.53761944342817,122.07152796930087,123.30457370636452,3419084,0.005965908166149394,0.007614123334330096,-0.0018829875557799173,0,0
2024-12-21 22:15:08.826920,123.07261118831015,123.07261118831015,124.30333730019325,121.84188507642705,123.07261118831015,2996381,-0.0018829875557799173,0.007478755696446906,0.00416006712661642,0,0
2024-12-22 22:15:08.826920,123.58566794766088,123.58566794766088,124.82152462713749,122.34981126818427,123.58566794766088,3703168,0.00416006712661642,0.007457440504709483,-0.010730615087304952,0,0
2024-12-23 22:15:08.826920,122.26660753641295,122.26660753641295,123.48927361177708,121.04394146104882,122.26660753641295,4896733,-0.010730615087304952,0.00789147516480878,-0.014712575927055967,0,0
2024-12-24 22:15:08.826920,120.4809190392004,120.4809190392004,121.6857282295924,119.2761098488084,120.4809190392004,2808730,-0.014712575927055967,0.008391230653255147,0.0045939170126452255,0,0
2024-12-25 22:15:08.826920,121.03567165097627,121.03567165097627,122.24602836748603,119.8253149344665,121.03567165097627,2247207,0.0045939170126452255,0.00840664554740311,0.0018667349537253232,0,0
2024-12-26 22:15:08.826920,121.2618241876445,121.2618241876445,122.47444242952095,120.04920594576807,121.2618241876445,3564246,0.0018667349537253232,0.008025498755717831,0.006550314368921107,0,0
2024-12-27 22:15:08.826920,122.05873441388371,122.05873441388371,123.27932175802255,120.83814706974488,122.05873441388371,1123283,0.006550314368921107,0.00810902668451286,0.02403144774863926,0,0
2024-12-28 22:15:08.826920,125.02751164606012,125.02751164606012,126.27778676252072,123.77723652959952,125.02751164606012,1280965,0.02403144774863926,0.0091816944459759,0.009644794869904234,0,0
2024-12-29 22:15:08.826920,126.23921024833456,126.23921024833456,127.5016023508179,124.97681814585121,126.23921024833456,1297764,0.009644794869904234,0.009146914039386425,-0.008928222254441759,0,0
2024-12-30 22:15:08.826920,125.11713504408652,125.11713504408652,126.3683063945274,123.86596369364565,125.11713504408652,1946771,-0.008928222254441759,0.00944086513403209,0.011370162880958455,0,0
2024-12-31 22:15:08.826920,126.54785559793564,126.54785559793564,127.813334153915,125.28237704195628,126.54785559793564,3801791,0.011370162880958455,0.009553182129128937,-0.012959074105115083,0,0
2025-01-01 22:15:08.826920,124.9184928780559,124.9184928780559,126.16767780683647,123.66930794927534,124.9184928780559,1624100,-0.012959074105115083,0.009383370135256142,-0.004415846048147191,0,0
2025-01-02 22:15:08.826920,124.36808819051541,124.36808819051541,125.61176907242056,123.12440730861026,124.36808819051541,1239365,-0.004415846048147191,0.009357577679969168,-0.0004824160532464071,0,0
2025-01-03 22:15:08.826920,124.30810549773099,124.30810549773099,125.5511865527083,123.06502444275368,124.30810549773099,2064284,-0.0004824160532464071,0.009320595342223563,0.017333427216493724,0,0
2025-01-04 22:15:08.826920,126.48157340315574,126.48157340315574,127.7463891371873,125.21675766912418,126.48157340315574,3345420,0.017333427216493724,0.009838416390256531,-0.007247548220484552,0,0
2025-01-05 22:15:08.826920,125.56820593632389,125.56820593632389,126.82388799568713,124.31252387696065,125.56820593632389,2039514,-0.007247548220484552,0.009970329682924904,-0.008064385386590052,0,0
2025-01-06 22:15:08.826920,124.55964769840999,124.55964769840999,125.8052441753941,123.31405122142588,124.55964769840999,1962289,-0.008064385386590052,0.010032452232158564,-0.0007845252442543879,0,0
2025-01-07 22:15:08.826920,124.46196583233018,124.46196583233018,125.70658549065348,123.21734617400688,124.46196583233018,3843731,-0.0007845252442543879,0.010038498615340832,-0.006434782863621022,0,0
2025-01-08 22:15:08.826920,123.66365135219883,123.66365135219883,124.90028786572081,122.42701483867684,123.66365135219883,1765836,-0.006434782863621022,0.010048207100087407,0.011466359221065137,0,0
2025-01-09 22:15:08.826920,125.08978384963348,125.08978384963348,126.34068168812982,123.83888601113713,125.08978384963348,3787302,0.011466359221065137,0.010233642554771851,-0.01059931508363404,0,0
2025-01-10 22:15:08.826920,123.77091969258984,123.77091969258984,125.00862888951575,122.53321049566394,123.77091969258984,1550023,-0.01059931508363404,0.010465000441826777,-0.011274686524111214,0,0
2025-01-11 22:15:08.826920,122.38327868051024,122.38327868051024,123.60711146731535,121.15944589370514,122.38327868051024,1478388,-0.011274686524111214,0.01075424075954373,-0.0041782004474442665,0,0
2025-01-12 22:15:08.826920,121.87300356895511,121.87300356895511,123.09173360464466,120.65427353326557,121.87300356895511,4015248,-0.0041782004474442665,0.010736512235956492,-0.004780324506923048,0,0
2025-01-13 22:15:08.826920,121.29180133767521,121.29180133767521,122.50471935105196,120.07888332429846,121.29180133767521,3972061,-0.004780324506923048,0.010534186118168897,0.019495320538169894,0,0
2025-01-14 22:15:08.826920,123.67962393957195,123.67962393957195,124.91642017896767,122.44282770017624,123.67962393957195,3573312,0.019495320538169894,0.010847453447984452,0.009694208069257462,0,0
2025-01-15 22:15:08.826920,124.88443033451418,124.88443033451418,126.13327463785932,123.63558603116904,124.88443033451418,4296983,0.009694208069257462,0.010982376423744859,0.0010755124138517463,0,0
2025-01-16 22:15:08.826920,125.01881734413023,125.01881734413023,126.26900551757153,123.76862917068893,125.01881734413023,2931983,0.0010755124138517463,0.010982378865461101,-0.012054355188301641,0,0
2025-01-17 22:15:08.826920,123.52084281204372,123.52084281204372,124.75605124016417,122.28563438392328,123.52084281204372,3031434,-0.012054355188301641,0.011296537083861321,0.008643629764015451,0,0
2025-01-18 22:15:08.826920,124.59313883422003,124.59313883422003,125.83907022256223,123.34720744587783,124.59313883422003,1589564,0.008643629764015451,0.010138076681585746,-0.009802153473895429,0,0
2025-01-19 22:15:08.826920,123.37782384840817,123.37782384840817,124.61160208689225,122.14404560992409,123.37782384840817,2568387,-0.009802153473895429,0.01008518120703199,-0.015247710967776294,0,0
2025-01-20 22:15:08.826920,121.5108640532753,121.5108640532753,122.72597269380805,120.29575541274255,121.5108640532753,4445309,-0.015247710967776294,0.010419444663091084,0.012080297923523133,0,0
2025-01-21 22:15:08.826920,122.98765356120647,122.98765356120647,124.21753009681854,121.75777702559441,122.98765356120647,2952067,0.012080297923523133,0.010463994295321506,0.0033694261192485924,0,0
2025-01-22 22:15:08.826920,123.40275029963979,123.40275029963979,124.63677780263619,122.1687227966434,123.40275029963979,1142480,0.0033694261192485924,0.010161200370618849,0.009408588237808038,0,0
2025-01-23 22:15:08.826920,124.56927503487324,124.56927503487324,125.81496778522198,123.3235822845245,124.56927503487324,4417968,0.009408588237808038,0.010346483174708902,0.003387276529430218,0,0
2025-01-24 22:15:08.826920,124.99194105570659,124.99194105570659,126.24186046626366,123.74202164514952,124.99194105570659,1042441,0.003387276529430218,0.010370454251096964,0.008768306119026847,0,0
2025-01-25 22:15:08.826920,126.09272762142798,126.09272762142798,127.35365489764226,124.83180034521371,126.09272762142798,3203220,0.008768306119026847,0.009819225134031419,-0.006310255933001261,0,0
2025-01-26 22:15:08.826920,125.29955543057186,125.29955543057186,126.55255098487757,124.04655987626614,125.29955543057186,1032884,-0.006310255933001261,0.009787412938767412,-0.010142428417844818,0,0
2025-01-27 22:15:08.826920,124.03513663647496,124.03513663647496,125.27548800283971,122.79478527011021,124.03513663647496,4597029,-0.010142428417844818,0.009881988859202781,0.007015945182816145,0,0
2025-01-28 22:15:08.826920,124.90842022859627,124.90842022859627,126.15750443088223,123.65933602631031,124.90842022859627,4710719,0.007015945182816145,0.010004797595924491,-0.007834096641738258,0,0
2025-01-29 22:15:08.826920,123.93369860997123,123.93369860997123,125.17303559607095,122.69436162387152,123.93369860997123,4769144,-0.007834096641738258,0.010055521079043967,-0.006695497777502049,0,0
2025-01-30 22:15:08.826920,123.10667257147969,123.10667257147969,124.33773929719449,121.8756058457649,123.10667257147969,1350768,-0.006695497777502049,0.009807364993646702,-0.0043553250351735795,0,0
2025-01-31 22:15:08.826920,122.57166890157131,122.57166890157131,123.79738559058703,121.3459522125556,122.57166890157131,2987729,-0.0043553250351735795,0.00958633939197176,0.0003747915902507797,0,0
2025-02-01 22:15:08.826920,122.61761634209792,122.61761634209792,123.84379250551889,121.39144017867694,122.61761634209792,2894261,0.0003747915902507797,0.009260993454812828,-0.0033399391125349376,0,0
2025-02-02 22:15:08.826920,122.2087641202234,122.2087641202234,123.43085176142564,120.98667647902117,122.2087641202234,2216009,-0.0033399391125349376,0.009243461605589628,-0.013549512934180035,0,0
2025-02-03 22:15:08.826920,120.56406250539904,120.56406250539904,121.76970313045302,119.35842188034505,120.56406250539904,1963052,-0.013549512934180035,0.009664898637617977,-0.006236184028328941,0,0
2025-02-04 22:15:08.826920,119.81454232636497,119.81454232636497,121.01268774962863,118.61639690310132,119.81454232636497,1447678,-0.006236184028328941,0.008604507414109747,-0.02203403152224428,1,0
2025-02-05 22:15:08.826920,117.2034173693211,117.2034173693211,118.37545154301431,116.0313831956279,117.2034173693211,2337423,-0.02203403152224428,0.00929622519638184,0.006452314510271755,0,0
2025-02-06 22:15:08.826920,117.9620956632198,117.9620956632198,119.14171661985199,116.7824747065876,117.9620956632198,1123622,0.006452314510271755,0.009486834211615345,-0.015820576556067393,0,0
2025-02-07 22:15:08.826920,116.11055215944653,116.11055215944653,117.27165768104099,114.94944663785206,116.11055215944653,3415822,-0.015820576556067393,0.009704298263004032,-0.010843833394284604,0,0
2025-02-08 22:15:08.826920,114.85827071335046,114.85827071335046,116.00685342048396,113.70968800621696,114.85827071335046,2204641,-0.010843833394284604,0.009469525788083603,0.0007216507926098691,0,0
2025-02-09 22:15:08.826920,114.94118819058166,114.94118819058166,116.09060007248748,113.79177630867584,114.94118819058166,1452484,0.0007216507926098691,0.009418445055615995,-0.007195629963913288,0,0
2025-02-10 22:15:08.826920,114.11708246847674,114.11708246847674,115.2582532931615,112.97591164379197,114.11708246847674,4173264,-0.007195629963913288,0.009068232366109628,0.015630145954067424,0,0
2025-02-11 22:15:08.826920,115.91476151845686,115.91476151845686,117.07390913364142,114.75561390327229,115.91476151845686,3787556,0.015630145954067424,0.009390550669741189,-0.012728569097234478,0,0
2025-02-12 22:15:08.826920,114.44868280321575,114.44868280321575,115.5931696312479,113.30419597518359,114.44868280321575,4475271,-0.012728569097234478,0.00951621177437077,0.002870508693491686,0,0
2025-02-13 22:15:08.826920,114.77768071193266,114.77768071193266,115.92545751905199,113.62990390481333,114.77768071193266,1318782,0.002870508693491686,0.009170453573711249,-0.00019282818227477964,0,0
2025-02-14 22:15:08.826920,114.7555504741306,114.7555504741306,115.9031059788719,113.6079949693893,114.7555504741306,2556247,-0.00019282818227477964,0.009060862850585176,-0.011480934977411943,0,0
2025-02-15 22:15:08.826920,113.44558367174635,113.44558367174635,114.58003950846381,112.31112783502888,113.44558367174635,3877806,-0.011480934977411943,0.00869657221920381,0.005432766605317395,0,0
2025-02-16 22:15:08.826920,114.06358425668816,114.06358425668816,115.20422009925504,112.92294841412128,114.06358425668816,4481607,0.005432766605317395,0.008983159509377335,-0.0015154633122225324,0,0
2025-02-17 22:15:08.826920,113.89085599421665,113.89085599421665,115.02976455415882,112.75194743427448,113.89085599421665,3267645,-0.0015154633122225324,0.008907914125222,0.0079179055121367,0,0
2025-02-18 22:15:08.826920,114.79621256459254,114.79621256459254,115.94417469023847,113.6482504389466,114.79621256459254,2352470,0.0079179055121367,0.008965988857166842,0.008435041539637428,0,0
2025-02-19 22:15:08.826920,115.7686187639649,115.7686187639649,116.92630495160455,114.61093257632524,115.7686187639649,1747678,0.008435041539637428,0.009316006208227277,0.02183235949280698,0,0
2025-02-20 22:15:08.826920,118.32391342458983,118.32391342458983,119.50715255883573,117.14067429034394,118.32391342458983,4598070,0.02183235949280698,0.010756383029318792,0.013565279494363756,0,0
2025-02-21 22:15:08.826920,119.93994657034608,119.93994657034608,121.13934603604955,118.74054710464262,119.93994657034608,2410640,0.013565279494363756,0.011250289414418723,-0.0034918183794243724,0,0
2025-02-22 22:15:08.826920,119.52186841177867,119.52186841177867,120.71708709589646,118.32664972766088,119.52186841177867,3417819,-0.0034918183794243724,0.01125772598973763,-0.002193791775759275,0,0
2025-02-23 22:15:08.826920,119.259949722412,119.259949722412,120.45254921963613,118.06735022518788,119.259949722412,3375215,-0.002193791775759275,0.011249698112030655,0.011196595958871217,0,0
2025-02-24 22:15:08.826920,120.60275860954033,120.60275860954033,121.80878619563573,119.39673102344493,120.60275860954033,3413039,0.011196595958871217,0.011183230254834578,0.006752637307225834,0,0
2025-02-25 22:15:08.826920,121.41990112518917,121.41990112518917,122.63410013644106,120.20570211393728,121.41990112518917,2606258,0.006752637307225834,0.011179378652329205,0.006601315260976073,0,0
2025-02-26 22:15:08.826920,122.22408358209196,122.22408358209196,123.44632441791289,121.00184274627104,122.22408358209196,1145931,0.006601315260976073,0.009955662143648958,-0.015969560443108488,0,0
2025-02-27 22:15:08.826920,120.28772127106559,120.28772127106559,121.49059848377625,119.08484405835493,120.28772127106559,3283479,-0.015969560443108488,0.010633270576296297,-4.3261243989215264e-05,0,0
2025-02-28 22:15:08.826920,120.28251758716651,120.28251758716651,121.48534276303818,119.07969241129484,120.28251758716651,1251726,-4.3261243989215264e-05,0.00992434127249472,-0.007180309092056926,0,0
2025-03-01 22:15:08.826920,119.42194521768708,119.42194521768708,120.61616466986395,118.22772576551021,119.42194521768708,3174951,-0.007180309092056926,0.00972333120714966,0.0029992459904323305,0,0
2025-03-02 22:15:08.826920,119.78065867409894,119.78065867409894,120.97846526083994,118.58285208735795,119.78065867409894,4302174,0.0029992459904323305,0.009722754835590989,-0.000781503896429392,0,0
2025-03-03 22:15:08.826920,119.68708619102075,119.68708619102075,120.88395705293097,118.49021532911054,119.68708619102075,3689114,-0.000781503896429392,0.009519245114659012,0.009301789080925708,0,0
2025-03-04 22:15:08.826920,120.8055841739781,120.8055841739781,122.01364001571788,119.59752833223833,120.8055841739781,1817442,0.009301789080925708,0.009168853458314788,0.0033721821519130525,0,0
2025-03-05 22:15:08.826920,121.21365025866746,121.21365025866746,122.42578676125413,120.00151375608078,121.21365025866746,3583094,0.0033721821519130525,0.008529350757526628,0.0080632796210897,0,0
2025-03-06 22:15:08.826920,122.19498086927048,122.19498086927048,123.41693067796318,120.97303106057778,122.19498086927048,1223057,0.0080632796210897,0.008608391346216944,-0.004464190967359474,0,0
2025-03-07 22:15:08.826920,121.65069494150103,121.65069494150103,122.86720189091604,120.43418799208602,121.65069494150103,4037859,-0.004464190967359474,0.008736661356311966,-0.009244462559182482,0,0
2025-03-08 22:15:08.826920,120.53128180531274,120.53128180531274,121.73659462336587,119.32596898725961,120.53128180531274,2563719,-0.009244462559182482,0.008566115712307962,-0.0039004969320254783,0,0
2025-03-09 22:15:08.826920,120.0620655934983,120.0620655934983,121.26268624943329,118.86144493756332,120.0620655934983,3661229,-0.0039004969320254783,0.00866882765128753,2.979586138556902e-05,0,0
2025-03-10 22:15:08.826920,120.06564299945808,120.06564299945808,121.26629942945266,118.8649865694635,120.06564299945808,3342715,2.979586138556902e-05,0.008640078891975631,0.00399151735555076,0,0
2025-03-11 22:15:08.826920,120.54584482670336,120.54584482670336,121.7513032749704,119.34038637843632,120.54584482670336,4158640,0.00399151735555076,0.008559402769706544,0.022793089506908736,0,0
2025-03-12 22:15:08.826920,123.32500961399258,123.32500961399258,124.5582597101325,122.09175951785265,123.32500961399258,2085861,0.022793089506908736,0.00958383268402704,-0.00022257151660639484,0,0
2025-03-13 22:15:08.826920,123.29756403398278,123.29756403398278,124.53053967432261,122.06458839364295,123.29756403398278,4830852,-0.00022257151660639484,0.008573341780710697,-0.00935945000492778,0,0
2025-03-14 22:15:08.826920,122.14895022921961,122.14895022921961,123.37043973151181,120.92746072692741,122.14895022921961,1729525,-0.00935945000492778,0.008480853676477867,-0.0032598177569939314,0,0
2025-03-15 22:15:08.826920,121.75141521015216,121.75141521015216,122.96892936225369,120.53390105805063,121.75141521015216,4697677,-0.0032598177569939314,0.00847503803802909,-0.004435959746460908,0,0
2025-03-16 22:15:08.826920,121.21252696017255,121.21252696017255,122.42465222977428,120.00040169057083,121.21252696017255,3676837,-0.004435959746460908,0.008529647310708387,0.005014814737734513,0,0
2025-03-17 22:15:08.826920,121.82191202628967,121.82191202628967,123.04013114655257,120.60369290602677,121.82191202628967,4961619,0.005014814737734513,0.008254161408940405,-0.015207970144446265,0,0
2025-03-18 22:15:08.826920,119.98326451060765,119.98326451060765,121.18309715571372,118.78343186550158,119.98326451060765,3752363,-0.015207970144446265,0.008793119593989932,0.0008326199420032919,0,0
2025-03-19 22:15:08.826920,120.08320657044808,120.08320657044808,121.28403863615256,118.88237450474361,120.08320657044808,2355016,0.0008326199420032919,0.008646881043402116,0.0017650653796537298,0,0
2025-03-20 22:15:08.826920,120.29534844810877,120.29534844810877,121.49830193258985,119.09239496362768,120.29534844810877,2317728,0.0017650653796537298,0.007931990718880823,0.0025218103620027713,0,0
2025-03-21 22:15:08.826920,120.59909333685705,120.59909333685705,121.80508427022562,119.39310240348848,120.59909333685705,1149201,0.0025218103620027713,0.00795096971374641,-0.0057731606896535516,0,0
2025-03-22 22:15:08.826920,119.90486127680899,119.90486127680899,121.10390988957708,118.70581266404089,119.90486127680899,3127045,-0.0057731606896535516,0.007892035198428295,-0.002179217297359905,0,0
2025-03-23 22:15:08.826920,119.64384703574763,119.64384703574763,120.8402855061051,118.44740856539015,119.64384703574763,4565948,-0.002179217297359905,0.007880835126228595,-0.014040609089825557,0,0
2025-03-24 22:15:08.826920,117.97571276451725,117.97571276451725,119.15546989216243,116.79595563687208,117.97571276451725,4350628,-0.014040609089825557,0.008452409257139368,-0.004733198833621964,0,0
2025-03-25 22:15:08.826920,117.41862969097672,117.41862969097672,118.59281598788648,116.24444339406695,117.41862969097672,4605889,-0.004733198833621964,0.008173474517436302,-0.005228614760167043,0,0
2025-03-26 22:15:08.826920,116.80629513642151,116.80629513642151,117.97435808778573,115.63823218505729,116.80629513642151,1754429,-0.005228614760167043,0.008140222962269609,0.0043605004626142115,0,0
2025-03-27 22:15:08.826920,117.31674113159927,117.31674113159927,118.48990854291526,116.14357372028329,117.31674113159927,3839709,0.0043605004626142115,0.007954709316439044,-0.011361824318219128,0,0
2025-03-28 22:15:08.826920,115.9913526030361,115.9913526030361,117.15126612906647,114.83143907700574,115.9913526030361,1725893,-0.011361824318219128,0.008202686507703524,0.00801198101709982,0,0
2025-03-29 22:15:08.826920,116.92440592981495,116.92440592981495,118.0936499891131,115.7551618705168,116.92440592981495,4039184,0.00801198101709982,0.00833224079374332,0.01514484544491379,0,0
2025-03-30 22:15:08.826920,118.70868519890354,118.70868519890354,119.89577205089257,117.5215983469145,118.70868519890354,4854566,0.01514484544491379,0.009056799045451045,-0.0204998502501353,1,0
2025-03-31 22:15:08.826920,116.29994865232194,116.29994865232194,117.46294813884516,115.13694916579873,116.29994865232194,4453432,-0.0204998502501353,0.010046194391566461,0.004462587307781031,0,0
2025-04-01 22:15:08.826920,116.82010709006217,116.82010709006217,117.98830816096279,115.65190601916154,116.82010709006217,3824104,0.004462587307781031,0.010059627161992091,0.006969080350302398,0,0
2025-04-02 22:15:08.826920,117.6370792687207,117.6370792687207,118.8134500614079,116.46070847603349,117.6370792687207,1461462,0.006969080350302398,0.008642128405680181,-0.00617437025552221,0,0
2025-04-03 22:15:08.826920,116.91298210790902,116.91298210790902,118.08211192898811,115.74385228682992,116.91298210790902,4755038,-0.00617437025552221,0.00866991533062698,-0.0037727181432879587,0,0
2025-04-04 22:15:08.826920,116.47273336851427,116.47273336851427,117.63746070219942,115.30800603482912,116.47273336851427,4422463,-0.0037727181432879587,0.00853459726048762,-0.0011288057758697336,0,0
2025-04-05 22:15:08.826920,116.34133245136628,116.34133245136628,117.50474577587995,115.17791912685261,116.34133245136628,2071635,-0.0011288057758697336,0.008534857620716506,-0.0027779087940172946,0,0
2025-04-06 22:15:08.826920,116.01859531554668,116.01859531554668,117.17878126870214,114.85840936239121,116.01859531554668,1567044,-0.0027779087940172946,0.008520450352619361,-0.0028901296904711464,0,0
2025-04-07 22:15:08.826920,115.68377060505857,115.68377060505857,116.84060831110915,114.52693289900799,115.68377060505857,1119444,-0.0028901296904711464,0.008364266963846059,-0.016560038063299767,0,0
2025-04-08 22:15:08.826920,113.78381802330641,113.78381802330641,114.92165620353947,112.64597984307335,113.78381802330641,4611498,-0.016560038063299767,0.00847179844942998,0.011723315647831406,0,0
2025-04-09 22:15:08.826920,115.12559128604398,115.12559128604398,116.27684719890442,113.97433537318355,115.12559128604398,4178619,0.011723315647831406,0.009004299697218813,0.010996185920368166,0,0
2025-04-10 22:15:08.826920,116.39851954347394,116.39851954347394,117.56250473890867,115.2345343480392,116.39851954347394,3080195,0.010996185920368166,0.009413706428657713,-0.00793364259204205,0,0
2025-04-11 22:15:08.826920,115.47870884046606,115.47870884046606,116.63349592887072,114.3239217520614,115.47870884046606,2998038,-0.00793364259204205,0.009462939695170276,-0.014464243278025061,0,0
2025-04-12 22:15:08.826920,113.82041857071596,113.82041857071596,114.95862275642313,112.68221438500879,113.82041857071596,2218876,-0.014464243278025061,0.009816622092348539,0.005410648764527524,0,0
2025-04-13 22:15:08.826920,114.43792993992115,114.43792993992115,115.58230923932037,113.29355064052193,114.43792993992115,3419429,0.005410648764527524,0.009966814195786532,-0.005557879698130469,0,0
2025-04-14 22:15:08.826920,113.8036619178058,113.8036619178058,114.94169853698385,112.66562529862775,113.8036619178058,1619770,-0.005557879698130469,0.009625519404735529,0.0016195316332075387,0,0
2025-04-15 22:15:08.826920,113.98811987568781,113.98811987568781,115.1280010744447,112.84823867693093,113.98811987568781,4294813,0.0016195316332075387,0.009625730298080873,-0.002993284171450683,0,0
2025-04-16 22:15:08.826920,113.64743118413816,113.64743118413816,114.78390549597954,112.51095687229677,113.64743118413816,1029353,-0.002993284171450683,0.009593720628685206,0.00711538751070168,0,0
2025-04-17 22:15:08.826920,114.45896044530477,114.45896044530477,115.60355004975781,113.31437084085172,114.45896044530477,3692648,0.00711538751070168,0.009693389580427592,0.0071474914365602035,0,0
2025-04-18 22:15:08.826920,115.27998552450556,115.27998552450556,116.43278537975061,114.12718566926051,115.27998552450556,1059580,0.0071474914365602035,0.009561354561802432,-0.007055973784635966,0,0
2025-04-19 22:15:08.826920,114.46943593994543,114.46943593994543,115.61413029934488,113.32474158054598,114.46943593994543,1533713,-0.007055973784635966,0.009471919661554728,-0.013633639553950387,0,0
2025-04-20 22:15:08.826920,112.91939129500399,112.91939129500399,114.04858520795403,111.79019738205395,112.91939129500399,4306163,-0.013633639553950387,0.009091912764650075,-0.015629383973350848,0,0
2025-04-21 22:15:08.826920,111.16825103903265,111.16825103903265,112.27993354942298,110.05656852864233,111.16825103903265,3655528,-0.015629383973350848,0.00865838793424507,0.006303793791072147,0,0
2025-04-22 22:15:08.826920,111.87124621003773,111.87124621003773,112.9899586721381,110.75253374793735,111.87124621003773,1887274,0.006303793791072147,0.008737644492905103,-0.011688592577840376,0,0
2025-04-23 22:15:08.826920,110.57124120719655,110.57124120719655,111.67695361926852,109.46552879512458,110.57124120719655,2844702,-0.011688592577840376,0.008722070527607555,-0.004868163542986908,0,0
2025-04-24 22:15:08.826920,110.03427041314337,110.03427041314337,111.13461311727481,108.93392770901194,110.03427041314337,2816801,-0.004868163542986908,0.008702560291454478,-0.005763140384505071,0,0
2025-04-25 22:15:08.826920,109.40195128773138,109.40195128773138,110.49597080060869,108.30793177485407,109.40195128773138,4317342,-0.005763140384505071,0.008723497144797266,-0.0003256729626954488,0,0
2025-04-26 22:15:08.826920,109.366327831244,109.366327831244,110.45999110955646,108.27266455293156,109.366327831244,2957102,-0.0003256729626954488,0.008733783752838427,-0.01916279805846514,0,0
2025-04-27 22:15:08.826920,107.29051568280418,107.29051568280418,108.36342083963223,106.21761052597614,107.29051568280418,2093285,-0.01916279805846514,0.00942288512117945,0.0020877859679381636,0,0
2025-04-28 22:15:08.826920,107.51474931040015,107.51474931040015,108.58989680350415,106.43960181729615,107.51474931040015,2102206,0.0020877859679381636,0.00950715458473106,0.0054389102383422105,0,0
2025-04-29 22:15:08.826920,108.10110550510007,108.10110550510007,109.18211656015107,107.02009445004906,108.10110550510007,2419480,0.0054389102383422105,0.009201774364502213,0.0010842208704466378,0,0
2025-04-30 22:15:08.826920,108.21837454108736,108.21837454108736,109.30055828649823,107.13619079567648,108.21837454108736,4767568,0.0010842208704466378,0.008659937528274838,-0.0029088617169847853,0,0
2025-05-01 22:15:08.826920,107.90403965431443,107.90403965431443,108.98308005085758,106.82499925777128,107.90403965431443,4021667,-0.0029088617169847853,0.008050749898353035,0.0011740016626878827,0,0
2025-05-02 22:15:08.826920,108.03079356637255,108.03079356637255,109.11110150203628,106.95048563070883,108.03079356637255,1580775,0.0011740016626878827,0.00805141639394299,0.004190463456401469,0,0
2025-05-03 22:15:08.826920,108.48444249476792,108.48444249476792,109.5692869197156,107.39959806982024,108.48444249476792,4710621,0.004190463456401469,0.007767653091931107,-0.027525927564266646,1,0
2025-05-04 22:15:08.826920,105.53903114859902,105.53903114859902,106.59442146008502,104.48364083711303,105.53903114859902,1713212,-0.027525927564266646,0.009308215488634775,0.019759123082506935,0,0
2025-05-05 22:15:08.826920,107.64512865302629,107.64512865302629,108.72157993955655,106.56867736649603,107.64512865302629,3378817,0.019759123082506935,0.010623217925316788,0.004100933226879339,0,0
2025-05-06 22:15:08.826920,108.08748054567523,108.08748054567523,109.16835535113199,107.00660574021848,108.08748054567523,1409367,0.004100933226879339,0.010686684622761105,-0.006324085823870166,0,0
2025-05-07 22:15:08.826920,107.40608292173218,107.40608292173218,108.4801437509495,106.33202209251486,107.40608292173218,3747592,-0.006324085823870166,0.01071855709185936,-0.003709533751876179,0,0
2025-05-08 22:15:08.826920,107.00839450731239,107.00839450731239,108.07847845238551,105.93831056223927,107.00839450731239,3524544,-0.003709533751876179,0.010481100256805499,0.005137417773491799,0,0
2025-05-09 22:15:08.826920,107.55955589608863,107.55955589608863,108.63515145504951,106.48396033712774,107.55955589608863,1623703,0.005137417773491799,0.01039061579528581,-0.0009610393903436307,0,0
2025-05-10 22:15:08.826920,107.45623658098253,107.45623658098253,108.53079894679236,106.38167421517271,107.45623658098253,4772197,-0.0009610393903436307,0.010365576364460553,-0.020106844677814973,1,0
2025-05-11 22:15:08.826920,105.31720735096741,105.31720735096741,106.37037942447708,104.26403527745774,105.31720735096741,4822959,-0.020106844677814973,0.010785035346876203,0.020844928613593224,0,0
2025-05-12 22:15:08.826920,107.53557757955853,107.53557757955853,108.61093335535412,106.46022180376295,107.53557757955853,1879039,0.020844928613593224,0.011608903587912509,-0.000905406572324719,0,0
2025-05-13 22:15:08.826920,107.43825822429942,107.43825822429942,108.51264080654241,106.36387564205643,107.43825822429942,1027034,-0.000905406572324719,0.01146980657685254,0.01040172711715805,0,0
2025-05-14 22:15:08.826920,108.56163406405297,108.56163406405297,109.6472504046935,107.47601772341244,108.56163406405297,4199705,0.01040172711715805,0.01154237365378111,-0.006720498477843915,0,0
2025-05-15 22:15:08.826920,107.83449188331802,107.83449188331802,108.9128368021512,106.75614696448484,107.83449188331802,3307417,-0.006720498477843915,0.011581439308330372,0.015563770542458095,0,0
2025-05-16 22:15:08.826920,109.52593161839698,109.52593161839698,110.62119093458095,108.43067230221301,109.52593161839698,1113798,0.015563770542458095,0.012064348958957888,0.003063436888922838,0,0
2025-05-17 22:15:08.826920,109.86197185383561,109.86197185383561,110.96059157237397,108.76335213529725,109.86197185383561,1964824,0.003063436888922838,0.01208167282892121,0.006288438344754564,0,0
2025-05-18 22:15:08.826920,110.55500886672185,110.55500886672185,111.66055895538906,109.44945877805463,110.55500886672185,3672119,0.006288438344754564,0.011291283568567088,-0.010252533661469335,0,0
2025-05-19 22:15:08.826920,109.42733057461894,109.42733057461894,110.52160388036512,108.33305726887275,109.42733057461894,1584143,-0.010252533661469335,0.011572795623042361,0.012311452896826806,0,0
2025-05-20 22:15:08.826920,110.7828671914928,110.7828671914928,111.89069586340773,109.67503851957787,110.7828671914928,1877669,0.012311452896826806,0.011804219391139698,0.007098181645348008,0,0
2025-05-21 22:15:08.826920,111.57202157317876,111.57202157317876,112.68774178891054,110.45630135744697,111.57202157317876,3966825,0.007098181645348008,0.01187485313640038,0.013218462295649965,0,0
2025-05-22 22:15:08.826920,113.05662258817762,113.05662258817762,114.1871888140594,111.92605636229584,113.05662258817762,3287505,0.013218462295649965,0.012098033525562565,-0.006080875596415807,0,0
2025-05-23 22:15:08.826920,112.37122535053201,112.37122535053201,113.49493760403733,111.2475130970267,112.37122535053201,3752464,-0.006080875596415807,0.012232274255967545,-0.004610271184607818,0,0
2025-05-24 22:15:08.826920,111.85435589797852,111.85435589797852,112.9728994569583,110.73581233899874,111.85435589797852,4706736,-0.004610271184607818,0.012299580707244925,0.023239166976839226,0,0
2025-05-25 22:15:08.826920,114.48419725832626,114.48419725832626,115.62903923090953,113.339355285743,114.48419725832626,3198571,0.023239166976839226,0.011263563655685888,-0.010400158227215524,0,0
2025-05-26 22:15:08.826920,113.2997135776242,113.2997135776242,114.43271071340044,112.16671644184797,113.2997135776242,3674117,-0.010400158227215524,0.011057721156747179,-0.0011594970067831298,0,0
2025-05-27 22:15:08.826920,113.16841903138797,113.16841903138797,114.30010322170185,112.0367348410741,113.16841903138797,4002742,-0.0011594970067831298,0.011077730350265377,0.011568913626026855,0,0
2025-05-28 22:15:08.826920,114.48525720281219,114.48525720281219,115.63010977484032,113.34040463078406,114.48525720281219,4148691,0.011568913626026855,0.011078453152116191,0.0011772496771486627,0,0
2025-05-29 22:15:08.826920,114.62011429955422,114.62011429955422,115.76631544254975,113.47391315655868,114.62011429955422,3841327,0.0011772496771486627,0.010980491684098636,0.0060295367975329445,0,0
2025-05-30 22:15:08.826920,115.31330821546713,115.31330821546713,116.4664412976218,114.16017513331246,115.31330821546713,1571158,0.0060295367975329445,0.010989790574999481,-0.0037944902926288996,0,0
2025-05-31 22:15:08.826920,114.87658208736357,114.87658208736357,116.02534790823721,113.72781626648994,114.87658208736357,4861869,-0.0037944902926288996,0.011062066079904937,0.0039005588784750554,0,0
2025-06-01 22:15:08.826920,115.3255399836905,115.3255399836905,116.47879538352741,114.1722845838536,115.3255399836905,3400139,0.0039005588784750554,0.009690703881129107,-0.012865268517352924,0,0
2025-06-02 22:15:08.826920,113.85134920832792,113.85134920832792,114.9898627004112,112.71283571624464,113.85134920832792,2702411,-0.012865268517352924,0.009608697007541342,0.016781306796181825,0,0
2025-06-03 22:15:08.826920,115.77804464730876,115.77804464730876,116.93582509378184,114.62026420083568,115.77804464730876,4554209,0.016781306796181825,0.01004067424469571,-0.0009816404512858691,0,0
2025-06-04 22:15:08.826920,115.66444799996624,115.66444799996624,116.82109247996591,114.50780351996657,115.66444799996624,4956615,-0.0009816404512858691,0.00995978920411788,-0.0066017820399683355,0,0
2025-06-05 22:15:08.826920,114.90337151921575,114.90337151921575,116.05240523440791,113.75433780402359,114.90337151921575,2206391,-0.0066017820399683355,0.00995401736426741,0.00686383082031911,0,0
2025-06-06 22:15:08.826920,115.69476169915507,115.69476169915507,116.85170931614661,114.53781408216352,115.69476169915507,2511706,0.00686383082031911,0.009580018615141567,-0.004407197873885523,0,0
2025-06-07 22:15:08.826920,115.18599393497857,115.18599393497857,116.33785387432836,114.03413399562878,115.18599393497857,3122288,-0.004407197873885523,0.009700261817221228,-0.013142584714027402,0,0
2025-06-08 22:15:08.826920,113.68205671055848,113.68205671055848,114.81887727766407,112.5452361434529,113.68205671055848,4222727,-0.013142584714027402,0.010209507332131568,-0.013267175057975651,0,0
2025-06-09 22:15:08.826920,112.18377790376701,112.18377790376701,113.30561568280469,111.06194012472933,112.18377790376701,2224943,-0.013267175057975651,0.010399903032069903,0.007137731526901162,0,0
2025-06-10 22:15:08.826920,112.98738012881455,112.98738012881455,114.11725393010269,111.85750632752641,112.98738012881455,3181814,0.007137731526901162,0.010182137533339424,-0.0013957343814624535,0,0
2025-06-11 22:15:08.826920,112.82978976042821,112.82978976042821,113.9580876580325,111.70149186282393,112.82978976042821,1119392,-0.0013957343814624535,0.010093528304057334,-0.0011370155966846005,0,0
2025-06-12 22:15:08.826920,112.70157343549378,112.70157343549378,113.82858916984873,111.57455770113884,112.70157343549378,1856420,-0.0011370155966846005,0.009668671842869486,0.010977438059762458,0,0
2025-06-13 22:15:08.826920,113.94556339635358,113.94556339635358,115.08501903031711,112.80610776239004,113.94556339635358,2664850,0.010977438059762458,0.009860134221543047,-0.011068258087567284,0,0
2025-06-14 22:15:08.826920,112.69133834024359,112.69133834024359,113.81825172364603,111.56442495684115,112.69133834024359,3824791,-0.011068258087567284,0.010129826708660571,-0.007106777528648163,0,0
2025-06-15 22:15:08.826920,111.89330515022975,111.89330515022975,113.01223820173205,110.77437209872745,111.89330515022975,2942933,-0.007106777528648163,0.008776130566144107,-0.0036487980918127137,0,0
2025-06-16 22:15:08.826920,111.48577302527845,111.48577302527845,112.60063075553123,110.37091529502567,111.48577302527845,3561534,-0.0036487980918127137,0.008538465582726043,0.0011435158931705706,0,0
2025-06-17 22:15:08.826920,111.61333169737975,111.61333169737975,112.72946501435355,110.49719838040595,111.61333169737975,2493506,0.0011435158931705706,0.008547977843018731,-0.00022171451290565667,0,0
2025-06-18 22:15:08.826920,111.58858814501238,111.58858814501238,112.7044740264625,110.47270226356225,111.58858814501238,2486088,-0.00022171451290565667,0.008079017738308016,-0.0026688719238992112,0,0
2025-06-19 22:15:08.826920,111.29116955768295,111.29116955768295,112.40408125325978,110.17825786210612,111.29116955768295,2563914,-0.0026688719238992112,0.008065531295833017,-0.0004162640209564319,0,0
2025-06-20 22:15:08.826920,111.24485268863779,111.24485268863779,112.35730121552417,110.13240416175141,111.24485268863779,3517253,-0.0004162640209564319,0.007889239745056842,-0.0008730527629117635,0,0
2025-06-21 22:15:08.826920,111.1477724468913,111.1477724468913,112.25925017136021,110.03629472242238,111.1477724468913,3198822,-0.0008730527629117635,0.007876400175032688,-0.006996043885518012,0,0
2025-06-22 22:15:08.826920,110.37289146427483,110.37289146427483,111.47662037891757,109.26916254963209,110.37289146427483,2383334,-0.006996043885518012,0.00785679844886158,-0.007929929885540726,0,0
2025-06-23 22:15:08.826920,109.50110335144375,109.50110335144375,110.59611438495818,108.4060923179293,109.50110335144375,4154532,-0.007929929885540726,0.007587575931186718,0.002945163577239294,0,0
2025-06-24 22:15:08.826920,109.82407738492579,109.82407738492579,110.92231815877504,108.72583661107653,109.82407738492579,1610753,0.002945163577239294,0.006395445172878817,-0.008709150829955352,0,0
2025-06-25 22:15:08.826920,108.87175590532485,108.87175590532485,109.9604734643781,107.7830383462716,108.87175590532485,3483829,-0.008709150829955352,0.006523885916994729,-0.011373552591908441,0,0
2025-06-26 22:15:08.826920,107.6405123430078,107.6405123430078,108.71691746643788,106.56410721957772,107.6405123430078,2671739,-0.011373552591908441,0.0067394616074231,-0.002922922511256867,0,0
2025-06-27 22:15:08.826920,107.32634683075331,107.32634683075331,108.39961029906084,106.25308336244578,107.32634683075331,4034788,-0.002922922511256867,0.006341995250218972,-0.001376670161638171,0,0
2025-06-28 22:15:08.826920,107.17869550841799,107.17869550841799,108.25048246350217,106.10690855333381,107.17869550841799,1181125,-0.001376670161638171,0.006356581730426102,0.022767234972982095,0,0
2025-06-29 22:15:08.826920,109.64684794402031,109.64684794402031,110.74331642346051,108.5503794645801,109.64684794402031,1116997,0.022767234972982095,0.008181529940774389,-0.006847002758562213,0,0
2025-06-30 22:15:08.826920,108.89866001908169,108.89866001908169,109.98764661927251,107.80967341889087,108.89866001908169,3594854,-0.006847002758562213,0.00784138860509117,0.009632607249694928,0,0
2025-07-01 22:15:08.826920,109.95270649879552,109.95270649879552,111.05223356378347,108.85317943380757,109.95270649879552,2486499,0.009632607249694928,0.007994851039266884,0.007671883342046385,0,0
2025-07-02 22:15:08.826920,110.79949491382686,110.79949491382686,111.90748986296514,109.69149996468859,110.79949491382686,4692632,0.007671883342046385,0.0082306105234725,-0.011689449552037464,0,0
2025-07-03 22:15:08.826920,109.51185039773851,109.51185039773851,110.6069689017159,108.41673189376112,109.51185039773851,1343985,-0.011689449552037464,0.008563463068520594,0.007932529774026061,0,0
2025-07-04 22:15:08.826920,110.38401105844189,110.38401105844189,111.4878511690263,109.28017094785747,110.38401105844189,3397903,0.007932529774026061,0.00836753114876295,-0.011638806401932955,0,0
2025-07-05 22:15:08.826920,109.10672041178474,109.10672041178474,110.19778761590258,108.01565320766689,109.10672041178474,1884052,-0.011638806401932955,0.008400970173333884,-0.02639172237996771,1,0
2025-07-06 22:15:08.826920,106.26487172682634,106.26487172682634,107.3275204440946,105.20222300955808,106.26487172682634,1416114,-0.02639172237996771,0.009951031889000058,0.006263195243594023,0,0
2025-07-07 22:15:08.826920,106.93251798290191,106.93251798290191,108.00184316273094,105.86319280307289,106.93251798290191,4941641,0.006263195243594023,0.010125257799875867,-0.017358905834377433,0,0
2025-07-08 22:15:08.826920,105.09230472622623,105.09230472622623,106.14322777348849,104.04138167896397,105.09230472622623,3600951,-0.017358905834377433,0.010631697137804243,0.004709344618059191,0,0
2025-07-09 22:15:08.826920,105.58838780212909,105.58838780212909,106.64427168015038,104.5325039241078,105.58838780212909,4841156,0.004709344618059191,0.010746866197101433,-0.006640108977372206,0,0
2025-07-10 22:15:08.826920,104.88959200804206,104.88959200804206,105.93848792812248,103.84069608796163,104.88959200804206,3292657,-0.006640108977372206,0.010782429834044174,0.01679550796189902,0,0
2025-07-11 22:15:08.826920,106.66614326416972,106.66614326416972,107.73280469681141,105.59948183152802,106.66614326416972,3575384,0.01679550796189902,0.011597703663313422,0.010885093993160044,0,0
2025-07-12 22:15:08.826920,107.8335564337787,107.8335564337787,108.91189199811649,106.7552208694409,107.8335564337787,2123934,0.010885093993160044,0.011933859699584912,-0.004333858038513898,0,0
2025-07-13 22:15:08.826920,107.36723232952787,107.36723232952787,108.44090465282315,106.29356000623258,107.36723232952787,1118146,-0.004333858038513898,0.011885948612776075,-0.006678376110286813,0,0
2025-07-14 22:15:08.826920,106.65258257618578,106.65258257618578,107.71910840194764,105.58605675042392,106.65258257618578,3482003,-0.006678376110286813,0.011854216024862954,-0.011940774030941204,0,0
2025-07-15 22:15:08.826920,105.38664138833292,105.38664138833292,106.44050780221625,104.33277497444959,105.38664138833292,3019203,-0.011940774030941204,0.012034194989234632,-0.004209226322925964,0,0
2025-07-16 22:15:08.826920,104.94397745323813,104.94397745323813,105.99341722777052,103.89453767870575,104.94397745323813,2986125,-0.004209226322925964,0.011947838020703858,-0.002603554951844965,0,0
2025-07-17 22:15:08.826920,104.67110541388662,104.67110541388662,105.71781646802549,103.62439435974775,104.67110541388662,4671307,-0.002603554951844965,0.011746201327447012,-0.003446935443916921,0,0
2025-07-18 22:15:08.826920,104.31093197459104,104.31093197459104,105.35404129433695,103.26782265484513,104.31093197459104,2499533,-0.003446935443916921,0.011750305645903104,0.0017670385527236141,0,0
2025-07-19 22:15:08.826920,104.49541636036848,104.49541636036848,105.54037052397217,103.45046219676479,104.49541636036848,3918884,0.0017670385527236141,0.011770052184367333,0.005985214977288782,0,0
2025-07-20 22:15:08.826920,105.12271929022772,105.12271929022772,106.17394648313,104.07149209732545,105.12271929022772,3525265,0.005985214977288782,0.01056935118900548,0.003696544569931722,0,0
2025-07-21 22:15:08.826920,105.51202921483191,105.51202921483191,106.56714950698023,104.4569089226836,105.51202921483191,1550042,0.003696544569931722,0.010578336608823756,-0.007441439239064487,0,0
2025-07-22 22:15:08.826920,104.72978199276864,104.72978199276864,105.77707981269633,103.68248417284094,104.72978199276864,2322950,-0.007441439239064487,0.01033285289801178,-0.014177914738015857,0,0
2025-07-23 22:15:08.826920,103.25540854099235,103.25540854099235,104.28796262640228,102.22285445558242,103.25540854099235,4196591,-0.014177914738015857,0.010376671194734427,0.013845318481024738,0,0
2025-07-24 22:15:08.826920,104.69495505125859,104.69495505125859,105.74190460177118,103.648005500746,104.69495505125859,2078882,0.013845318481024738,0.010837423674234499,-0.006694491845499237,0,0
2025-07-25 22:15:08.826920,103.99641631814956,103.99641631814956,105.03638048133105,102.95645215496806,103.99641631814956,3029077,-0.006694491845499237,0.010625526379162802,-0.006322935999350174,0,0
2025-07-26 22:15:08.826920,103.34092812240361,103.34092812240361,104.37433740362765,102.30751884117957,103.34092812240361,4813268,-0.006322935999350174,0.010467537094576249,-0.005011893123011208,0,0
2025-07-27 22:15:08.826920,102.82429018394181,102.82429018394181,103.85253308578123,101.79604728210239,102.82429018394181,2709738,-0.005011893123011208,0.008968740624112894,-0.01823069550156645,0,0
2025-07-28 22:15:08.826920,100.96671574448774,100.96671574448774,101.97638290193262,99.95704858704286,100.96671574448774,2187706,-0.01823069550156645,0.009477735796768524,-0.004579740040404869,0,0
2025-07-29 22:15:08.826920,100.50537165799022,100.50537165799022,101.51042537457013,99.50031794141032,100.50537165799022,3083257,-0.004579740040404869,0.008883364825667707,-0.004596558140079592,0,0
2025-07-30 22:15:08.826920,100.04445300500426,100.04445300500426,101.0448975350543,99.04400847495421,100.04445300500426,4425425,-0.004596558140079592,0.008756590064081143,0.006403582983435111,0,0
2025-07-31 22:15:08.826920,100.6871515523951,100.6871515523951,101.69402306791905,99.68028003687114,100.6871515523951,2331161,0.006403582983435111,0.008914510645911974,0.007184571491073312,0,0
2025-08-01 22:15:08.826920,101.41315046361012,101.41315046361012,102.42728196824622,100.39901895897403,101.41315046361012,4763444,0.007184571491073312,0.008115024916584439,0.00023770889086277626,0,0
2025-08-02 22:15:08.826920,101.437260136554,101.437260136554,102.45163273791954,100.42288753518847,101.437260136554,2087957,0.00023770889086277626,0.0075565716685543054,0.009518483741143098,0,0
2025-08-03 22:15:08.826920,102.40739884802568,102.40739884802568,103.43147283650593,101.38332485954543,102.40739884802568,3212023,0.009518483741143098,0.008016821464880338,0.0035996498380124497,0,0
2025-08-04 22:15:08.826920,102.77669389236254,102.77669389236254,103.80446083128616,101.74892695343893,102.77669389236254,3309732,0.0035996498380124497,0.00804677308557746,4.317888397452044e-05,0,0
